City,Cloudiness,Country,Date,Humidity,Lat,Lng,Max Temp,Wind Speed
Petropavlovsk-Kamchatskiy,90,RU,1619894927,100,53.0452,158.6483,32.0,1.74
Christchurch,0,NZ,1619894571,100,-43.5333,172.6333,30.2,2.3
Vila Franca do Campo,75,PT,1619894635,88,37.7167,-25.4333,60.8,10.36
Barrow,90,US,1619894464,86,71.2906,-156.7887,21.2,10.36
Los Pozos,100,VE,1619894928,43,8.4518,-62.7268,90.5,11.16
Port Alfred,0,ZA,1619894501,68,-33.5906,26.891,61.95,3.38
San Patricio,90,US,1619894510,94,28.017,-97.5169,75.99,11.5
Muisne,75,EC,1619894928,83,0.6,-80.0333,80.6,6.91
Mataura,5,NZ,1619894492,86,-46.1927,168.8643,48.0,1.01
Castro,91,BR,1619894512,68,-24.7911,-50.0119,68.52,2.08
Orhei,0,MD,1619894929,72,47.3831,28.8231,66.2,3.44
Chiredzi,100,ZW,1619894929,72,-21.05,31.6667,66.81,8.99
Darhan,98,MN,1619894929,82,49.4867,105.9228,43.23,12.59
Kruisfontein,0,ZA,1619894516,84,-34.0033,24.7314,53.01,1.01
Port Keats,0,AU,1619894930,58,-14.25,129.55,72.86,5.88
Leningradskiy,100,RU,1619894566,87,69.3833,178.4167,15.12,21.14
Biak,93,ID,1619894930,85,-0.9131,122.8766,76.42,4.34
Samarai,48,PG,1619894513,81,-10.6167,150.6667,79.95,10.36
Salta,0,AR,1619894931,43,-24.7859,-65.4117,73.99,3.44
Punta Arenas,20,CL,1619894463,66,-53.15,-70.9167,46.4,8.05
Yulara,28,AU,1619894502,44,-25.2406,130.9889,57.2,8.05
Tuktoyaktuk,90,CA,1619894360,92,69.4541,-133.0374,14.0,8.05
Tselinnoye,100,RU,1619894931,71,53.0833,85.6667,39.36,11.92
Tawao,20,MY,1619894931,100,4.2498,117.8871,75.2,1.14
Butaritari,99,KI,1619894511,76,3.0707,172.7902,82.63,11.81
New Norfolk,100,AU,1619894503,62,-42.7826,147.0587,55.0,2.86
Hermanus,98,ZA,1619894331,76,-34.4187,19.2345,59.0,1.99
Sittwe,0,MM,1619894532,76,20.15,92.9,81.16,5.44
Bluff,15,NZ,1619894505,86,-46.6,168.3333,48.0,1.01
Ushuaia,20,AR,1619894458,65,-54.8,-68.3,44.6,4.61
Longyearbyen,20,SJ,1619894494,68,78.2186,15.6401,19.4,10.36
Havre de Grace,1,US,1619894817,23,39.5493,-76.0916,64.99,10.96
Vaini,40,TO,1619894335,83,-21.2,-175.2,75.2,13.8
Chifeng,8,CN,1619894349,40,42.2683,118.9636,39.06,7.0
Savinka,77,RU,1619894933,82,50.0785,47.0994,54.97,4.72
Albany,7,US,1619894498,30,42.6001,-73.9662,55.99,4.0
Pyaozerskiy,100,RU,1619894933,91,65.8333,31.1667,30.24,11.59
Puerto Ayora,40,EC,1619894505,65,-0.7393,-90.3518,82.4,20.71
Levice,57,SK,1619894954,88,48.2156,18.6071,56.66,6.26
Saint-Augustin,100,CA,1619894955,96,51.226,-58.6502,37.22,12.73
Sitka,75,US,1619894429,76,57.0531,-135.33,44.6,3.44
Tiksi,100,RU,1619894526,99,71.6872,128.8694,19.24,2.06
Shubarkuduk,11,KZ,1619894955,39,49.1447,56.4872,56.19,13.11
Kapaa,20,US,1619894535,78,22.0752,-159.319,78.01,11.5
Tasiilaq,90,GL,1619894587,93,65.6145,-37.6368,26.6,3.44
Los Llanos de Aridane,75,ES,1619894676,60,28.6585,-17.9182,69.8,12.66
Kabare,100,CD,1619894956,94,-2.4683,28.8242,62.46,1.79
Puro,96,PH,1619894956,80,12.4841,123.3827,79.41,8.14
Caravelas,77,BR,1619894614,61,-17.7125,-39.2481,77.76,10.33
Atuona,0,PF,1619894359,73,-9.8,-139.0333,78.66,9.46
Hong Kong,95,HK,1619894359,85,22.2855,114.1577,79.0,3.42
Chokurdakh,95,RU,1619894495,99,70.6333,147.9167,0.81,3.83
Mahébourg,20,MU,1619894498,94,-20.4081,57.7,73.4,4.61
Ilulissat,1,GL,1619894540,34,69.2167,-51.1,46.4,10.36
Waingapu,35,ID,1619894957,82,-9.6567,120.2641,77.85,8.68
Vila Velha,40,BR,1619894391,65,-20.3297,-40.2925,78.8,11.5
Kokkola,0,FI,1619894957,44,63.8385,23.1307,35.6,4.61
Thompson,90,CA,1619894521,86,55.7435,-97.8558,21.2,9.22
Bredasdorp,100,ZA,1619894467,93,-34.5322,20.0403,50.0,2.3
Bambous Virieux,20,MU,1619894491,94,-20.3428,57.7575,75.0,4.61
Saint George,1,US,1619894578,18,37.1041,-113.5841,88.0,4.61
Juan Lacaze,20,UY,1619894958,38,-34.4342,-57.4381,78.8,4.61
Hobart,100,AU,1619894337,76,-42.8794,147.3294,55.0,10.36
Tsimmerbude,0,RU,1619894958,65,54.675,20.1347,44.6,8.95
Hasaki,20,JP,1619894523,94,35.7333,140.8333,60.8,11.5
Saskylakh,100,RU,1619894372,97,71.9167,114.0833,29.98,2.33
Arraial do Cabo,75,BR,1619894329,73,-22.9661,-42.0278,73.4,6.91
Dikson,100,RU,1619894525,92,73.5069,80.5464,23.45,5.21
Oddur,100,SO,1619894687,64,4.1213,43.8894,81.52,1.28
Rikitea,98,PF,1619894497,80,-23.1203,-134.9692,76.21,12.91
Takoradze,58,GH,1619894959,81,4.8845,-1.7554,82.56,13.35
Tsotíli,100,GR,1619894959,52,40.2667,21.3167,68.0,3.44
Manche,0,FR,1619894960,66,49.0,-1.1667,48.2,8.05
Minna,99,NG,1619894960,25,9.6139,6.5569,93.63,4.88
Ambilobe,63,MG,1619894663,93,-13.2,49.05,74.41,3.27
Busselton,14,AU,1619894498,96,-33.65,115.3333,55.99,3.15
Katsuura,0,JP,1619894873,78,35.1333,140.3,64.0,15.99
Khovd,1,MN,1619894982,29,48.0056,91.6419,43.47,6.06
Hlobyne,62,UA,1619894982,66,49.3878,33.2596,57.24,7.96
Todos Santos,0,MX,1619894767,51,23.45,-110.2167,84.0,5.01
Adelanto,100,US,1619894982,13,34.5828,-117.4092,80.01,11.01
Hithadhoo,81,MV,1619894303,69,-0.6,73.0833,84.38,5.48
Irituia,56,BR,1619894983,83,-1.7711,-47.4381,81.81,0.85
Yangi Marg`ilon,75,UZ,1619894686,72,40.4272,71.7189,64.4,4.61
Ismailia,78,EG,1619894983,43,30.6043,32.2723,74.5,8.16
Ürümqi,75,CN,1619894698,54,43.801,87.6005,55.4,8.95
Teya,100,RU,1619894983,93,60.3778,92.6267,33.78,8.32
Bubaque,5,GW,1619894569,72,11.2833,-15.8333,78.69,17.16
Bathsheba,20,BB,1619894440,54,13.2167,-59.5167,84.2,18.41
Port Elizabeth,0,ZA,1619894508,82,-33.918,25.5701,57.2,3.44
Esperance,0,AU,1619894422,82,-33.8667,121.9,51.8,11.5
Harper,100,LR,1619894638,78,4.375,-7.7169,81.54,10.92
Portland,90,US,1619894576,62,45.5234,-122.6762,55.99,8.05
Ostrovnoy,100,RU,1619894665,77,68.0531,39.5131,25.93,14.61
Alofi,4,NU,1619894413,100,-19.0595,-169.9187,73.4,1.14
Mossamedes,2,AO,1619894661,75,-15.1961,12.1522,76.35,3.69
Lake Shasta,1,US,1619894985,40,40.6804,-122.3708,75.0,5.75
Parker,100,US,1619894955,89,32.7668,-97.8003,70.0,3.0
Sechura,41,PE,1619894985,56,-5.5569,-80.8222,80.87,12.15
Sungai Penuh,80,ID,1619894985,96,-2.0833,101.3833,64.58,4.05
Pangnirtung,75,CA,1619894639,57,66.1451,-65.7125,44.6,9.22
Havøysund,75,NO,1619894986,74,70.9963,24.6622,32.0,6.91
Hamilton,1,US,1619894516,34,39.1834,-84.5333,69.01,13.8
Ribeira Grande,75,PT,1619894683,94,38.5167,-28.7,62.6,21.85
San Isidro,75,PE,1619894986,78,-12.1167,-77.05,73.0,6.91
Boende,94,CD,1619894986,98,-0.2167,20.8667,71.01,3.09
Port-Cartier,100,CA,1619894361,61,50.0334,-66.8654,46.99,18.41
Husavik,75,IS,1619894539,69,66.0449,-17.3389,35.6,14.97
Aksarka,100,RU,1619894987,89,66.5606,67.7975,26.01,17.56
Chui,4,UY,1619894574,55,-33.6971,-53.4616,73.09,5.39
Iqaluit,90,CA,1619894664,70,63.7506,-68.5145,39.2,18.41
Airai,83,TL,1619894549,87,-8.9266,125.4092,56.08,3.02
Saldanha,0,ZA,1619894374,55,-33.0117,17.9442,60.8,5.75
Kamphaeng Phet,25,TH,1619894988,73,16.25,99.5,79.47,1.7
Buraidah,0,SA,1619894461,25,26.326,43.975,86.0,4.61
Noumea,90,NC,1619894988,83,-22.2763,166.4572,71.6,4.61
Halifax,100,CA,1619894835,62,44.6453,-63.5724,53.01,11.5
Gouré,8,NE,1619894988,5,13.9835,10.2704,95.0,1.99
Cabo San Lucas,1,MX,1619894395,61,22.8909,-109.9124,80.01,8.05
Barra Patuca,0,HN,1619894989,58,15.8,-84.2833,86.67,13.71
Lambaréné,74,GA,1619894989,92,-0.7001,10.2406,76.86,1.81
Puerto del Rosario,40,ES,1619894989,64,28.5004,-13.8627,69.8,17.27
Mandalgovi,98,MN,1619894492,30,45.7625,106.2708,45.54,18.57
Saint-Philippe,0,RE,1619894520,78,-21.3585,55.7679,75.2,5.75
Berlevåg,100,NO,1619894990,86,70.8578,29.0864,33.26,21.77
Isangel,75,VU,1619894739,83,-19.55,169.2667,77.0,5.75
Cururupu,65,BR,1619894742,84,-1.8283,-44.8683,80.82,3.38
Hambantota,40,LK,1619894547,100,6.1241,81.1185,78.8,3.44
Gull Lake,1,CA,1619894584,34,50.1001,-108.4847,62.6,5.75
Avarua,75,CK,1619894499,73,-21.2078,-159.775,78.8,6.91
Cape Town,0,ZA,1619894480,82,-33.9258,18.4232,61.0,8.05
Denpasar,20,ID,1619894844,94,-8.65,115.2167,78.8,2.3
East London,0,ZA,1619894287,88,-33.0153,27.9116,57.2,6.91
Malazgirt,86,TR,1619894890,78,39.1427,42.5401,48.18,6.96
Nikolskoye,20,RU,1619894528,56,59.7035,30.7861,42.8,4.47
Sonoita,78,MX,1619894991,10,31.85,-112.8333,93.99,4.0
Port Lincoln,100,AU,1619894548,69,-34.7333,135.8667,61.61,13.78
Dīglūr,100,IN,1619894991,46,18.55,77.6,82.87,7.34
Nouadhibou,5,MR,1619894992,68,20.931,-17.0347,71.6,21.85
Padang,79,ID,1619894617,85,-0.9492,100.3543,78.19,4.07
Mar del Plata,0,AR,1619894511,49,-38.0023,-57.5575,72.0,14.97
Erdaojiang,21,CN,1619894992,90,41.7764,126.0319,37.83,1.95
Mabaruma,75,GY,1619894992,94,8.2,-59.7833,78.8,9.22
Provideniya,25,RU,1619894342,60,64.3833,-173.3,23.4,5.48
Luanda,75,AO,1619894645,83,-8.8368,13.2343,78.8,6.91
La Ronge,62,CA,1619894993,58,55.1001,-105.2842,51.8,9.22
Tilichiki,28,RU,1619894669,86,60.4667,166.1,11.3,9.62
Dhidhdhoo,19,MV,1619894665,71,6.8833,73.1,84.54,5.75
Manacapuru,75,BR,1619894956,74,-3.2997,-60.6206,86.0,5.75
Te Anau,16,NZ,1619894654,87,-45.4167,167.7167,39.18,0.98
Jamestown,1,US,1619894525,32,42.097,-79.2353,60.01,8.05
Batemans Bay,100,AU,1619894543,97,-35.7167,150.1833,55.99,1.01
Linxia Chengguanzhen,100,CN,1619894994,43,35.6003,103.2064,58.87,3.36
Paragominas,92,BR,1619894547,91,-2.9667,-47.4833,79.2,2.01
Tabas,100,IR,1619894519,41,33.5959,56.9244,76.73,4.09
Gorontalo,90,ID,1619894994,94,0.5412,123.0595,74.62,2.35
Marsabit,80,KE,1619894994,63,2.3284,37.9899,70.23,10.16
Turukhansk,100,RU,1619894758,91,65.8167,87.9833,32.11,7.23
Jalingo,100,NG,1619894995,54,8.8833,11.3667,85.93,5.48
Norman Wells,20,CA,1619894995,48,65.282,-126.8329,41.0,5.75
Saint-Michel-des-Saints,100,CA,1619894995,25,46.6834,-73.9159,50.0,10.76
Tiarei,40,PF,1619894996,65,-17.5333,-149.3333,84.2,8.05
Hilo,40,US,1619894408,65,19.7297,-155.09,77.0,3.44
Ahipara,0,NZ,1619894711,78,-35.1667,173.1667,54.27,7.45
Nemuro,100,JP,1619894892,87,43.3236,145.575,37.33,9.4
Mezen',100,RU,1619894996,75,65.8522,44.24,28.87,11.48
São Filipe,1,CV,1619894341,74,14.8961,-24.4956,72.79,11.88
Itaituba,20,BR,1619894997,94,-4.2761,-55.9836,80.6,8.05
Kashan,12,IR,1619894997,35,33.9831,51.4364,74.5,3.53
Sinnamary,66,GF,1619894684,85,5.3833,-52.95,80.2,10.49
Sarāi Mīr,57,IN,1619894997,48,26.0167,82.9167,87.8,10.36
Mimongo,97,GA,1619894997,92,-1.6195,11.6068,71.56,1.45
Davila,20,PH,1619894914,89,18.4726,120.5763,78.8,2.3
Geraldton,100,AU,1619894637,58,-28.7667,114.6,55.4,9.22
Maués,78,BR,1619894998,83,-3.3836,-57.7186,82.29,1.72
Bilma,0,NE,1619894693,4,18.6853,12.9164,90.48,5.55
Pevek,100,RU,1619894455,94,69.7008,170.3133,9.0,8.48
Coshocton,6,US,1619894998,31,40.272,-81.8596,62.01,8.01
Cornélio Procópio,40,BR,1619894999,45,-23.1811,-50.6467,84.2,10.36
Monte Aprazível,75,BR,1619894999,36,-20.7725,-49.7142,82.4,9.22
Huarmey,43,PE,1619894346,73,-10.0681,-78.1522,73.29,11.86
Itacoatiara,59,BR,1619894999,63,-3.1431,-58.4442,86.72,2.71
Rosarito,90,MX,1619895000,53,32.3333,-117.0333,73.99,9.22
Dingle,6,PH,1619894672,87,10.9995,122.6711,76.6,6.6
Zig,1,US,1619895000,54,40.127,-92.7663,80.6,16.11
Edd,98,ER,1619894704,61,13.9297,41.6925,87.13,8.55
Makakilo City,40,US,1619894538,78,21.3469,-158.0858,78.8,5.75
Nanortalik,9,GL,1619894529,54,60.1432,-45.2371,41.04,12.68
Bilibino,61,RU,1619894493,85,68.0546,166.4372,3.4,3.4
Zaysan,100,KZ,1619895001,88,47.4667,84.8667,39.97,11.88
Kodinsk,14,RU,1619895001,97,58.6881,99.1844,28.44,2.98
Bethel,1,US,1619894495,38,41.3712,-73.414,61.0,10.36
Kavieng,46,PG,1619894520,76,-2.5744,150.7967,81.52,4.0
Dabeiba,100,CO,1619895002,89,7.0017,-76.2672,79.93,4.0
Cherskiy,48,RU,1619894567,94,68.75,161.3,4.71,2.3
Mae Chan,20,TH,1619895002,100,20.1467,99.8526,73.4,1.14
‘Ewa Beach,40,US,1619894670,61,21.3156,-158.0072,78.8,13.8
Kiryat Gat,0,IL,1619894284,57,31.61,34.7642,73.99,3.62
Bengkulu,85,ID,1619894515,89,-3.8004,102.2655,75.51,4.52
Nome,90,US,1619894501,74,64.5011,-165.4064,23.0,11.5
Kulhudhuffushi,17,MV,1619895003,71,6.6221,73.07,84.13,5.37
Warrnambool,100,AU,1619895003,62,-38.3833,142.4833,64.0,5.99
Oranzherei,0,RU,1619895004,63,45.8476,47.5663,60.8,4.47
Port Macquarie,40,AU,1619894538,100,-31.4333,152.9167,57.99,3.53
Kumul,100,CN,1619894348,34,42.8,93.45,63.82,30.69
Saint Paul Harbor,1,US,1619894499,81,57.79,-152.4072,39.2,4.61
Båtsfjord,100,NO,1619895004,95,70.6345,29.7185,30.0,15.61
Tuy Hoa,29,VN,1619895005,89,13.0833,109.3,76.73,2.37
Östersund,75,SE,1619895005,48,63.1792,14.6357,35.6,4.61
Khatanga,83,RU,1619894478,99,71.9667,102.5,18.16,2.28
Along,100,IN,1619895005,89,28.1667,94.7667,66.65,2.8
Pisco,0,PE,1619894549,73,-13.7,-76.2167,71.6,9.22
São Paulo de Olivença,100,BR,1619895006,97,-3.3783,-68.8725,71.56,2.95
Olafsvik,36,IS,1619894844,64,64.8945,-23.7142,37.54,20.87
Vardø,100,NO,1619894679,79,70.3705,31.1107,33.73,14.38
George Town,40,MY,1619894510,89,5.4112,100.3354,79.0,4.61
Qaanaaq,76,GL,1619894471,71,77.484,-69.3632,34.93,3.47
Zhumadian,68,CN,1619895006,59,32.9794,114.0294,58.42,5.97
Vangaindrano,100,MG,1619895007,93,-23.35,47.6,73.8,6.22
Acapulco de Juárez,75,MX,1619894895,62,16.8634,-99.8901,86.0,5.75
Butembo,97,CD,1619895007,97,0.15,29.2833,57.96,3.0
Aquiraz,20,BR,1619895007,66,-3.9014,-38.3911,86.0,12.66
Opuwo,76,NA,1619894491,44,-18.0607,13.84,73.96,2.53
Upernavik,15,GL,1619894494,76,72.7868,-56.1549,33.12,4.14
Lüderitz,0,NA,1619894627,40,-26.6481,15.1594,69.17,4.45
Cidreira,0,BR,1619894332,62,-30.1811,-50.2056,70.57,11.86
Banda Aceh,62,ID,1619894618,78,5.5577,95.3222,80.69,7.83
Marzuq,100,YE,1619894523,73,14.4,46.4667,70.92,10.65
Maniitsoq,1,GL,1619894737,67,65.4167,-52.9,38.66,6.4
Igarka,100,RU,1619895008,95,67.4667,86.5833,27.99,7.92
Talakan,98,RU,1619895008,75,50.3167,130.3667,41.56,3.87
Karratha,6,AU,1619895009,59,-20.7377,116.8463,79.47,5.41
Ponta Delgada,75,PT,1619894533,88,37.7333,-25.6667,60.8,10.36
Yellowknife,20,CA,1619895009,63,62.456,-114.3525,28.99,10.36
Abu Dhabi,0,AE,1619895009,74,24.4667,54.3667,82.4,4.61
Joaíma,100,BR,1619895010,51,-16.6542,-41.0306,77.49,6.98
Clyde River,75,CA,1619894495,100,70.4692,-68.5914,19.4,2.42
Kaiyuan,59,CN,1619895010,90,23.6977,103.3037,64.24,2.33
Cayenne,0,GF,1619894530,66,4.9333,-52.3333,86.0,13.8
Popondetta,10,PG,1619894898,95,-8.7537,148.2534,71.2,2.91
Vanimo,100,PG,1619894515,88,-2.6741,141.3028,77.05,3.6
Urmia,90,IR,1619894812,71,37.5527,45.0761,55.4,11.5
Gwadar,0,PK,1619895011,73,25.1216,62.3254,82.8,12.35
Vanavara,12,RU,1619895011,96,60.34,102.2797,28.47,3.94
Souillac,20,MU,1619894514,94,-20.5167,57.5167,73.4,4.61
Brigantine,1,US,1619895011,32,39.4101,-74.3646,68.0,18.41
Paramonga,94,PE,1619895012,75,-10.6667,-77.8333,71.58,10.63
Vallenar,99,CL,1619894940,24,-28.5708,-70.7581,77.23,8.08
Santa Maria,75,BR,1619894781,44,-29.6842,-53.8069,80.6,3.44
Muhafazat Lahij,91,YE,1619895012,54,13.1667,44.5833,81.03,7.47
Raudeberg,10,NO,1619894654,70,61.9875,5.1352,43.0,19.1
Torbay,75,CA,1619894509,67,47.6666,-52.7314,55.4,29.93
Laas,75,IT,1619895013,100,46.6166,10.7002,55.0,10.36
Guerrero Negro,12,MX,1619894539,50,27.9769,-114.0611,75.0,12.84
Faya,20,SA,1619894679,26,18.3851,42.4509,68.0,4.92
Hervey Bay,58,AU,1619895013,94,-25.2986,152.8535,69.01,8.05
Lebu,100,CL,1619894504,93,-37.6167,-73.65,54.97,12.33
Naze,0,JP,1619894525,62,28.3667,129.4833,61.05,10.02
Catuday,63,PH,1619895014,77,16.2923,119.8062,78.53,6.51
Whitecourt,75,CA,1619895014,40,54.1502,-115.6855,50.0,16.11
Yaan,46,NG,1619895014,54,7.3833,8.5667,88.02,11.79
Saint-Pierre,0,RE,1619895015,78,-21.3393,55.4781,75.2,5.75
Urbana,7,US,1619895015,40,40.1106,-88.2073,75.0,8.99
Anloga,20,GH,1619894636,84,5.7947,0.8973,84.2,13.8
Barra do Garças,75,BR,1619895015,74,-15.89,-52.2567,80.6,2.3
Bhiwandi,25,IN,1619894738,79,19.3,73.0667,86.0,5.75
Kaputa,100,ZM,1619895016,87,-8.4689,29.6619,70.12,1.7
Xining,10,CN,1619895016,41,36.6167,101.7667,52.39,2.44
Pangody,100,RU,1619895016,90,65.85,74.4859,27.43,7.67
Upata,100,VE,1619895017,58,8.0086,-62.3989,82.81,4.88
Severo-Kuril'sk,100,RU,1619894493,97,50.6789,156.125,35.74,22.84
Brae,75,GB,1619895017,75,60.3964,-1.353,42.8,10.36
Lorengau,96,PG,1619894500,82,-2.0226,147.2712,79.5,1.48
Jinchang,100,CN,1619894898,15,38.4953,102.1739,66.63,6.89
Zhaoyuan,0,CN,1619895017,73,37.3592,120.3964,45.68,5.64
Dunedin,5,NZ,1619895018,57,-45.8742,170.5036,54.0,8.01
Ancud,75,CL,1619894543,82,-41.8697,-73.8203,60.01,12.66
Camacha,40,PT,1619894650,59,33.0833,-16.3333,64.4,9.22
Māngrol,28,IN,1619895018,82,21.1167,70.1167,81.9,8.57
Salalah,20,OM,1619894448,84,17.0151,54.0924,84.2,4.61
Puerto El Triunfo,40,SV,1619895018,52,13.2833,-88.55,95.0,3.44
Maceió,75,BR,1619895006,69,-9.6658,-35.7353,82.4,12.66
Codrington,100,AU,1619894562,76,-38.2667,141.9667,59.4,10.09
Talnakh,54,RU,1619894661,89,69.4865,88.3972,12.65,1.05
Qasigiannguit,1,GL,1619895019,34,68.8193,-51.1922,46.4,10.36
Kolokani,42,ML,1619895019,27,13.5728,-8.0339,93.69,9.1
Comodoro Rivadavia,40,AR,1619894675,28,-45.8667,-67.5,68.0,23.02
Baykit,100,RU,1619895020,95,61.67,96.37,33.46,4.38
Vieste,40,IT,1619895020,68,41.8825,16.175,69.8,8.05
Taoudenni,0,ML,1619894591,19,22.6783,-3.9836,95.34,3.83
Burnie,100,AU,1619894694,94,-41.0667,145.9167,52.0,3.0
Yefremov,87,RU,1619895020,75,53.1481,38.0992,45.14,4.27
Itarema,89,BR,1619894919,77,-2.9248,-39.9167,81.9,5.82
Kaitangata,0,NZ,1619894628,68,-46.2817,169.8464,48.99,5.99
Malakal,30,SS,1619894551,44,9.5334,31.6605,84.69,4.0
Houma,40,US,1619895021,61,29.5958,-90.7195,81.0,12.66
Touros,20,BR,1619894516,61,-5.1989,-35.4608,84.2,14.97
São João do Piauí,96,BR,1619895021,46,-8.3581,-42.2467,85.71,9.37
Quelimane,75,MZ,1619894706,88,-17.8786,36.8883,77.0,5.75
Vytegra,39,RU,1619895021,91,61.0064,36.4481,29.53,4.43
Goderich,100,CA,1619895022,43,43.7501,-81.7165,50.0,16.11
Goundam,16,ML,1619895022,21,16.4145,-3.6708,96.55,9.78
Cockburn Town,40,TC,1619894506,69,21.4612,-71.1419,80.6,9.22
Bayshore Gardens,90,US,1619895022,69,27.4253,-82.5904,84.99,10.36
Kieta,29,PG,1619894675,82,-6.2167,155.6333,78.21,2.28
Lichuan,100,CN,1619895023,91,30.3,108.85,60.76,3.11
Nelson Bay,100,AU,1619894654,100,-32.7167,152.15,55.99,7.83
Bangkalan,20,ID,1619895023,83,-7.0455,112.7351,82.4,6.91
Zabid,98,YE,1619895023,47,14.1951,43.3152,88.32,4.05
Tegh,99,AM,1619895024,90,39.5579,46.4772,46.94,2.84
Limenaria,20,GR,1619895024,77,40.6261,24.5786,66.2,2.93
Jalu,0,LY,1619894671,9,29.0331,21.5482,92.59,10.04
Laguna,1,US,1619895024,52,38.421,-121.4238,75.0,5.75
São João da Barra,20,BR,1619895025,73,-21.6403,-41.0511,75.2,6.91
Wangqing,100,CN,1619895025,76,43.3218,129.7634,41.23,3.76
Wundanyi,100,KE,1619895025,87,-3.4019,38.364,64.15,5.1
Inhambane,100,MZ,1619895026,60,-23.865,35.3833,73.74,16.67
Bjørnevatn,20,NO,1619895026,80,69.6672,29.9847,30.2,6.91
Loa Janan,83,ID,1619895026,94,-0.583,117.095,73.06,0.09
Paita,40,PE,1619895026,51,-5.0892,-81.1144,87.8,16.11
Nizwá,27,OM,1619895027,38,22.9333,57.5333,80.58,9.13
Namatanai,36,PG,1619894505,81,-3.6667,152.4333,78.67,2.62
Soe,91,ID,1619895027,85,-9.8607,124.284,65.86,4.56
Bambey,0,SN,1619895027,45,14.6955,-16.4493,86.0,9.22
Saint Anthony,1,US,1619894668,29,45.0205,-93.218,84.99,10.36
Fortuna,90,US,1619894543,100,40.5982,-124.1573,54.0,12.66
Port Hedland,90,AU,1619894513,100,-20.3167,118.5667,71.6,4.61
Samaná,20,DO,1619895028,66,19.2056,-69.3369,87.8,17.27
Umluj,0,SA,1619895028,41,25.0213,37.2685,85.26,3.78
Santa Cruz de la Sierra,0,BO,1619895029,42,-17.8,-63.1667,84.2,14.97
Carnarvon,100,AU,1619894630,73,-24.8667,113.6333,68.0,9.22
Belmonte,75,BR,1619894854,78,-15.8631,-38.8828,73.4,5.75
Ketchikan,90,US,1619895029,100,55.3422,-131.6461,46.4,8.05
Balabac,65,PH,1619895029,79,7.9868,117.0645,82.18,9.33
Charters Towers,2,AU,1619894826,86,-20.1,146.2667,63.43,7.43
Lashio,37,MM,1619895030,80,22.9333,97.75,68.07,0.81
Caibarién,40,CU,1619895030,29,22.5206,-79.4669,91.4,5.75
Mana,73,GF,1619895030,80,5.6592,-53.7767,81.03,9.28
Quatre Cocos,20,MU,1619894531,94,-20.2078,57.7625,75.0,4.61
Camacupa,100,AO,1619894962,93,-12.0167,17.4833,63.82,4.54
Paamiut,14,GL,1619895031,58,61.994,-49.6678,39.69,2.44
Olinda,40,BR,1619895031,61,-8.0089,-34.8553,82.4,11.5
Yabassi,40,CM,1619895031,79,4.457,9.9682,84.2,3.44
Vieques,40,PR,1619895032,65,18.425,-65.8329,84.2,23.02
Batagay-Alyta,100,RU,1619895032,95,67.8006,130.4114,19.35,4.29
Kalispell,20,US,1619895032,26,48.1958,-114.3129,66.2,12.66
Flin Flon,20,CA,1619895032,50,54.7682,-101.865,51.8,9.22
Port Hueneme,1,US,1619894838,67,34.1478,-119.1951,68.0,8.05
Coruripe,100,BR,1619895033,80,-10.1256,-36.1756,79.25,15.01
Dorado,40,PR,1619895033,74,18.4588,-66.2677,86.0,14.97
Tura,14,IN,1619894665,71,25.5198,90.2201,71.73,4.72
Oromocto,75,CA,1619895033,50,45.8351,-66.4792,55.0,23.02
Peleduy,100,RU,1619895034,99,59.6289,112.7406,33.4,2.98
Sayyan,100,YE,1619895034,82,15.1718,44.3244,55.2,8.21
Carutapera,79,BR,1619895034,80,-1.195,-46.02,81.23,4.61
Haines Junction,99,CA,1619894754,52,60.7522,-137.5108,41.0,2.3
Darnah,54,LY,1619895035,34,32.767,22.6367,79.12,1.14
Hualmay,70,PE,1619894828,73,-11.0964,-77.6139,72.21,9.89
Southbridge,14,US,1619895035,38,42.0751,-72.0334,60.01,1.01
Larsnes,25,NO,1619895035,66,62.2028,5.5773,43.0,13.0
General Elizardo Aquino,0,PY,1619895036,33,-24.4333,-56.7,84.97,4.38
Mpanda,100,TZ,1619895036,95,-6.3655,31.0409,66.36,0.89
Ulaangom,100,MN,1619894657,43,49.9811,92.0667,44.02,10.02
Hearst,100,CA,1619895036,93,49.6835,-83.6665,37.4,4.61
Oranjemund,0,NA,1619895037,34,-28.55,16.4333,70.72,8.99
Mareeba,90,AU,1619894653,78,-17.0,145.4333,73.4,11.5
Ponta do Sol,57,PT,1619894535,61,32.6667,-17.1,63.0,3.0
Imbituba,75,BR,1619895037,57,-28.24,-48.6703,77.0,11.5
Mushie,94,CD,1619895037,97,-3.0167,16.9,70.86,3.33
Hobyo,100,SO,1619894507,64,5.3505,48.5268,85.14,13.09
Broome,1,US,1619895038,40,42.2506,-75.833,55.0,9.22
Grindavik,40,IS,1619894825,49,63.8424,-22.4338,44.6,12.66
Ginir,100,ET,1619894667,90,7.1333,40.7,60.04,3.53
Meulaboh,72,ID,1619894664,88,4.1363,96.1285,78.17,3.44
Aizawl,0,IN,1619895038,92,23.7333,92.7167,58.89,2.66
Departamento de Maldonado,40,UY,1619895039,57,-34.6667,-54.9167,77.0,3.44
Tuatapere,0,NZ,1619894542,86,-46.1333,167.6833,48.0,1.01
Kiama,100,AU,1619894678,89,-34.6833,150.8667,57.99,1.99
Sokol,95,RU,1619895039,70,59.4617,40.1206,35.8,4.85
Mayor Pablo Lagerenza,0,PY,1619895039,27,-19.9309,-60.7718,92.82,11.97
Pereira Barreto,83,BR,1619895039,35,-20.6383,-51.1092,87.73,5.91
Palmer,20,US,1619895040,41,42.1584,-72.3287,59.0,12.66
Ayagoz,0,KZ,1619895040,56,47.9714,80.4392,40.17,9.4
Dessalines,34,HT,1619895040,44,19.2833,-72.5,87.87,13.69
Grand-Lahou,100,CI,1619895041,80,5.1367,-5.0242,82.58,13.18
North Bend,90,US,1619895041,71,43.4065,-124.2243,55.0,12.66
Kenai,1,US,1619894546,52,60.5544,-151.2583,42.8,4.61
Aksu,100,CN,1619894681,23,41.1231,80.2644,71.65,1.16
Numan,68,NG,1619895042,29,9.4667,12.0333,94.06,3.11
Panguna,29,PG,1619895042,94,-6.3164,155.4848,67.5,1.05
Shingū,18,JP,1619894353,68,33.7333,135.9833,53.51,13.56
Yatou,5,CN,1619895042,78,37.15,122.3833,46.27,12.44
Palu,80,ID,1619894940,95,-0.8917,119.8707,74.32,3.49
Malanje,98,AO,1619895043,95,-9.5402,16.341,65.03,7.16
Gaza,0,PS,1619895043,46,31.5,34.4667,73.99,2.3
Kahului,20,US,1619894535,73,20.8947,-156.47,75.2,13.8
Hoopstad,0,ZA,1619895043,53,-27.8327,25.9083,57.58,9.73
Coquimbo,0,CL,1619894492,48,-29.9533,-71.3436,66.2,11.5
Wad Medani,100,SD,1619895044,23,14.4012,33.5199,94.66,1.39
Paraíso,75,CR,1619895044,50,9.8383,-83.8656,82.4,6.91
San Cristobal,40,VE,1619894678,65,7.7669,-72.225,84.2,8.05
Suntar,100,RU,1619895044,98,62.1444,117.6319,33.75,2.1
Road Town,40,VG,1619894663,69,18.4167,-64.6167,82.4,12.66
Howard Springs,75,AU,1619895045,83,-12.497,131.047,77.0,5.75
Waipawa,9,NZ,1619894710,87,-41.4122,175.5153,44.6,6.91
Moindou,90,NC,1619895045,83,-21.6924,165.677,71.6,4.61
Coyhaique,75,CL,1619894666,62,-45.5752,-72.0662,53.6,10.36
Mondeville,0,FR,1619895045,66,49.175,-0.3224,48.2,8.05
Kavaratti,11,IN,1619895046,71,10.5669,72.642,85.51,5.93
Atar,0,MR,1619894668,13,20.5169,-13.0499,92.26,12.53
Byron Bay,75,AU,1619895046,73,-28.65,153.6167,68.0,5.75
Thaba-Tseka,13,LS,1619895046,85,-29.522,28.6084,40.86,3.65
Tutóia,40,BR,1619895047,89,-2.7619,-42.2744,80.6,5.75
Port Augusta,6,AU,1619895047,87,-32.5,137.7667,53.01,4.61
Kaili,97,ID,1619895047,89,-3.4626,120.2147,66.31,3.13
Moyamba,89,SL,1619895047,73,8.1667,-12.4333,80.92,6.55
Ariquemes,100,BR,1619895014,58,-9.9133,-63.0408,86.83,0.87
Barra de Tecoanapa,78,MX,1619895048,57,16.5167,-98.75,87.3,12.91
Āsosa,83,ET,1619895048,65,10.0667,34.5333,68.95,2.93
Bantou,74,CN,1619895048,70,26.2151,117.4893,66.7,0.78
Oranjestad,75,AW,1619895049,78,12.524,-70.027,82.4,13.8
Miguel Calmon,100,BR,1619895049,46,-11.4289,-40.595,81.19,11.18
Kirakira,100,SB,1619895049,83,-10.4544,161.9205,77.76,3.53
Voloshka,50,RU,1619895049,66,61.3314,40.0858,27.77,4.85
Roebourne,6,AU,1619895050,53,-20.7833,117.1333,79.32,6.2
Buje,90,HR,1619895050,82,45.41,13.6619,68.0,12.66
Rome,1,US,1619895003,53,43.2128,-75.4557,50.0,11.5
Eqbālīyeh,75,IR,1619895050,59,35.3022,51.5358,71.6,9.22
College,75,US,1619894533,51,64.8569,-147.8028,35.01,3.0
Lakatoro,100,VU,1619895051,82,-16.0999,167.4164,77.61,7.67
Careiro da Várzea,40,BR,1619895051,66,-3.2003,-59.8119,87.8,3.44
Charlestown,100,AU,1619894799,92,-32.95,151.6667,61.0,4.94
Lima,75,PE,1619895017,78,-12.0432,-77.0282,73.0,6.91
Esil,88,KZ,1619895052,48,51.9556,66.4042,50.9,10.25
Belyy Yar,0,RU,1619895052,75,53.6039,91.3903,41.0,8.95
Tadine,100,NC,1619895052,74,-21.55,167.8833,75.51,19.13
Sangar,100,RU,1619895052,97,63.9242,127.4739,35.46,7.72
Nyagan,100,RU,1619895053,89,62.1406,65.3936,47.26,13.65
Verāval,57,IN,1619895053,82,20.9,70.3667,81.61,9.17
Muroto-misakicho,99,JP,1619895053,62,33.2833,134.15,57.38,29.93
Tashtagol,100,RU,1619895053,97,52.7657,87.8894,35.01,9.22
Itamaraju,100,BR,1619895054,66,-17.0392,-39.5311,75.85,8.05
Kargasok,96,RU,1619895054,80,59.0556,80.8572,35.55,13.56
Dalvik,75,IS,1619895054,69,65.9702,-18.5286,35.6,14.97
Harindānga,100,IN,1619895055,79,22.0383,88.3214,84.2,10.36
Mehamn,100,NO,1619894848,82,71.0357,27.8492,33.39,16.02
Lavrentiya,19,RU,1619894809,79,65.5833,-171.0,16.56,3.33
Borborema,100,BR,1619895055,32,-21.6197,-49.0736,86.74,6.91
Chimbote,12,PE,1619895055,74,-9.0853,-78.5783,72.0,11.95
Beringovskiy,97,RU,1619894674,87,63.05,179.3167,20.21,12.64
‘Āhuimanu,75,US,1619894823,73,21.4447,-157.8378,78.8,9.22
Pacific Grove,90,US,1619894778,77,36.6177,-121.9166,59.0,11.5
Wairoa,33,NZ,1619895056,75,-39.0333,177.3667,48.99,1.99
Santa Marta,17,CO,1619894914,54,11.2408,-74.199,93.0,1.99
Vestmanna,75,FO,1619894925,87,62.1564,-7.1664,37.4,5.14
Mocoa,96,CO,1619895012,92,1.1493,-76.6466,74.48,2.77
Irecê,100,BR,1619895056,36,-11.3042,-41.8558,84.09,17.16
Iracoubo,40,GF,1619895057,84,5.4802,-53.2011,80.15,10.83
Nautla,47,MX,1619895057,73,20.2167,-96.7833,82.4,9.48
Scarborough,5,GB,1619895007,74,54.2797,-0.4044,45.0,5.08
Guayape,40,HN,1619895057,51,14.7167,-86.8333,89.6,4.61
Fīrozpur Jhirka,99,IN,1619895058,23,27.8,76.95,89.08,5.23
Puerto Colombia,75,CO,1619895058,70,10.9878,-74.9547,87.8,6.91
Colesberg,0,ZA,1619895058,58,-30.72,25.0972,52.38,8.81
Araouane,76,ML,1619894844,21,18.9048,-3.5265,94.6,4.32
Colac,61,AU,1619895059,66,-38.3333,143.5833,61.0,5.01
Vestmannaeyjar,100,IS,1619895059,61,63.4427,-20.2734,40.42,13.98
Oodweyne,65,SO,1619895059,68,9.4092,45.064,73.6,8.16
Derzhavīnsk,42,KZ,1619894840,43,51.1,66.3167,52.56,9.31
Chapais,1,CA,1619894906,36,49.7834,-74.8492,42.8,13.8
Artsyz,24,UA,1619895060,79,45.9919,29.4182,59.27,9.4
Lincoln,1,US,1619894936,20,40.8,-96.667,84.2,32.21
São Raimundo das Mangabeiras,13,BR,1619895060,49,-7.0219,-45.4811,87.46,5.75
Zyryanka,93,RU,1619894799,97,65.75,150.85,24.04,1.83
Melfort,98,CA,1619895060,27,52.8667,-104.6177,64.4,4.61
Solnechnyy,100,RU,1619895061,92,50.7214,136.6319,32.18,7.83
Bahir Dar,75,ET,1619895061,76,11.5936,37.3908,66.4,1.88
Oswego,1,US,1619895061,49,43.4501,-76.1497,50.0,9.22
Viedma,100,AR,1619895011,34,-40.8135,-62.9967,72.7,14.5
Butiama,9,TZ,1619895062,89,-1.7667,33.9667,62.96,0.43
Ola,100,RU,1619895062,82,59.5833,151.2833,30.31,6.22
Klaksvík,75,FO,1619894917,87,62.2266,-6.589,37.4,7.99
Hofn,100,IS,1619894821,67,64.2539,-15.2082,38.14,17.05
Saa,94,CM,1619895062,94,4.3667,11.45,73.17,3.31
Nortelândia,52,BR,1619895063,55,-14.4547,-56.8028,87.67,1.77
Guasdualito,26,VE,1619894950,65,7.2424,-70.7324,84.2,3.44
Dawson Creek,40,CA,1619895063,40,55.7666,-120.2362,51.8,9.22
Martapura,40,ID,1619894928,94,-3.4167,114.85,77.0,2.3
Mackay,40,AU,1619894803,88,-21.15,149.2,68.0,8.05
Soyo,100,AO,1619895063,82,-6.1349,12.3689,78.06,9.19
Cartaxo,18,PT,1619895064,57,39.1602,-8.7874,55.0,1.99
Merauke,68,ID,1619895064,90,-8.4667,140.3333,76.37,10.36
Kukushtan,75,RU,1619895064,93,57.6464,56.4952,48.2,15.66
Boshnyakovo,100,RU,1619895065,88,49.6333,142.1667,31.77,9.6
Bayir,0,TR,1619895065,52,37.2687,28.2167,68.0,1.14
Talas,40,TR,1619895065,55,38.6908,35.5538,62.6,5.75
Kalemie,100,CD,1619895066,82,-5.9475,29.1947,72.09,2.86
Aklavik,90,CA,1619894817,80,68.2191,-135.0107,23.0,10.36
Nosy Varika,42,MG,1619895066,90,-20.5833,48.5333,75.31,5.95
Lac du Bonnet,1,CA,1619895066,45,50.2536,-96.0612,64.8,10.04
Iskateley,100,RU,1619895066,98,67.6803,53.1512,32.61,10.09
Gryazovets,23,RU,1619895067,77,58.88,40.2525,35.01,4.76
Markova,40,UA,1619895067,67,48.6758,24.4138,60.8,4.47
Povenets,64,RU,1619895067,50,62.8487,34.8262,32.04,11.03
Faanui,11,PF,1619894779,68,-16.4833,-151.75,80.62,3.44
Dmitriyevka,75,RU,1619895068,38,54.75,55.3333,59.0,13.42
Sungai Besar,40,MY,1619895068,94,3.6746,100.9867,77.0,2.33
Mildura,12,AU,1619894890,48,-34.2,142.15,60.8,10.36
Nyurba,100,RU,1619894910,99,63.2842,118.3319,33.44,4.05
Westport,1,US,1619894628,34,41.1415,-73.3579,62.6,12.66
Alta Floresta,40,BR,1619895069,52,-9.8756,-56.0861,91.4,5.75
Lompoc,40,US,1619894968,82,34.6391,-120.4579,61.0,10.36
Brewster,1,US,1619895069,38,41.3973,-73.6171,62.01,10.36
Labuan,20,MY,1619895070,100,5.2767,115.2417,77.0,5.61
Choya,96,RU,1619895070,94,52.0108,86.5467,35.04,3.6
Challans,0,FR,1619895070,50,46.8436,-1.8749,53.6,8.05
Grand Gaube,3,MU,1619894822,88,-20.0064,57.6608,75.0,1.99
Mopti,39,ML,1619895071,24,14.6667,-4.0,96.8,4.61
Eirunepé,24,BR,1619895071,76,-6.6603,-69.8736,82.72,2.26
Assaí,40,BR,1619895071,45,-23.3733,-50.8414,84.2,10.36
Taltal,51,CL,1619895071,70,-25.4,-70.4833,67.01,6.29
Pinheiro Machado,0,BR,1619895072,58,-31.5783,-53.3811,75.99,3.0
Richards Bay,27,ZA,1619895072,86,-28.783,32.0377,63.36,4.52
Manta,75,EC,1619894823,62,-0.95,-80.7333,86.0,2.3
Tromsø,0,NO,1619894860,69,69.6496,18.957,30.99,5.75
Srednekolymsk,6,RU,1619895073,92,67.45,153.6833,12.38,6.02
Port Angeles,40,US,1619895073,76,48.1181,-123.4307,54.0,13.8
Naryan-Mar,100,RU,1619894844,98,67.6713,53.087,32.72,9.66
Ţahţā,0,EG,1619895073,7,26.7693,31.5021,90.88,14.97
Necochea,72,AR,1619894825,50,-38.5473,-58.7368,73.0,5.01
Kikwit,100,CD,1619895074,94,-5.041,18.8162,70.95,3.6
Gangāpur,94,IN,1619895074,23,26.4833,76.7167,88.03,6.44
Lang Son,100,VN,1619895074,93,21.8333,106.7333,72.21,2.01
Buenos Aires,0,AR,1619895070,64,-34.6132,-58.3772,78.8,4.61
Duvan,100,RU,1619895075,56,55.695,57.9024,52.32,17.47
Port-Gentil,20,GA,1619895075,79,-0.7193,8.7815,84.2,6.91
Kota Kinabalu,20,MY,1619895075,94,5.9749,116.0724,77.0,4.61
Znamenskoye,0,RU,1619894953,56,57.1281,73.8282,35.42,4.56
